id,title,intro,poster,pubdate,url,rating,genres,star,comment,tags,star_time,card
25895901,海街日记,,https://dou.img.lithub.cc/movie/25895901.jpg,2015-05-14(戛纳电影节),https://movie.douban.com/subject/25895901/,8.8,"剧情,家庭",4,,,2023-07-16 21:59:36,2015 / 日本 / 剧情 家庭 / 是枝裕和 / 绫濑遥 长泽雅美
3822381910,闪电侠,,https://img2.doubanio.com/view/photo/m_ratio_poster/public/p2892365111.jpg,2023-06-16(美国/中国大陆),https://movie.douban.com/subject/3011317/,7.9,"动作,科幻,奇幻",4,,,2023-06-17 22:50:49,2023 / 美国 / 动作 科幻 奇幻 冒险 / 安德斯·穆斯切蒂 / 埃兹拉·米勒 本·阿弗莱克
3812925301,蜘蛛侠：纵横宇宙,,https://img1.doubanio.com/view/photo/m_ratio_poster/public/p2892315297.jpg,2023-06-02(美国/中国大陆),https://movie.douban.com/subject/30391186/,8.6,"喜剧,动作,科幻",5,,,2023-06-07 21:14:13,2023 / 美国 / 喜剧 动作 科幻 动画 奇幻 冒险 / 乔伊姆·多斯·桑托斯 凯普·鲍尔斯 贾斯汀·汤普森 / 沙梅克·摩尔 海莉·斯坦菲尔德
3812279137,霹雳兵燹之刀戟戡魔录2,,https://img9.doubanio.com/view/photo/m_ratio_poster/public/p2526279924.jpg,2005-09,https://movie.douban.com/subject/1920826/,9.2,"剧情,动作,武侠",4,,,2023-06-07 01:44:40,2005 / 中国台湾 / 剧情 动作 武侠 古装 / 黄文择 / 黄文择口白
3802544178,雷曼兄弟三部曲,,https://img1.doubanio.com/view/photo/m_ratio_poster/public/p2557604719.jpg,2019-07-25(英国),https://movie.douban.com/subject/33459931/,9.5,剧情,5,,,2023-05-28 15:11:22,2019 / 英国 / 剧情 / 萨姆·门德斯 Matthew Amos / 西蒙·拉塞尔·比尔 亚当·戈德利
3801548800,万尼亚舅舅,,https://img2.doubanio.com/view/photo/m_ratio_poster/public/p2884468693.jpg,,https://movie.douban.com/subject/36171212/,0,,5,,,2023-05-27 18:03:21,2018 / 俄罗斯 / Rimas Tuminas / 谢尔盖·马科韦茨基 Eugenia Kregzhde
3797511272,平家物语,,https://img1.doubanio.com/view/photo/m_ratio_poster/public/p2682264910.jpg,2021-09-15(日本),https://movie.douban.com/subject/35590029/,8.8,"剧情,动画,古装",4,,,2023-05-23 17:03:36,2021 / 日本 / 剧情 动画 古装 / 山田尚子 / 悠木碧 樱井孝宏
3795362104,花样年华,,https://img9.doubanio.com/view/photo/m_ratio_poster/public/p1910828286.jpg,2000-09-29(中国香港),https://movie.douban.com/subject/1291557/,8.7,"剧情,爱情",5,,,2023-05-21 16:57:13,2000 / 中国香港 / 剧情 爱情 / 王家卫 / 梁朝伟 张曼玉
3795335752,瞬息全宇宙,,https://img9.doubanio.com/view/photo/m_ratio_poster/public/p2869765076.jpg,2022-03-11(西南偏南电影节),https://movie.douban.com/subject/30314848/,7.6,"喜剧,奇幻,冒险",4,,,2023-05-21 16:31:37,2022 / 美国 / 喜剧 奇幻 冒险 / 关家永 丹尼尔·施纳特 / 杨紫琼 许玮伦
3783088535,灌篮高手,,https://img9.doubanio.com/view/photo/m_ratio_poster/public/p2888398295.jpg,2023-04-20(中国大陆),https://movie.douban.com/subject/35315950/,8.9,"动画,运动",5,,,2023-05-10 22:42:28,2022 / 日本 / 动画 运动 / 井上雄彦 / 仲村宗悟 笠间淳
3781919330,银河护卫队3,,https://img1.doubanio.com/view/photo/m_ratio_poster/public/p2889358680.jpg,2023-05-05(美国/中国大陆),https://movie.douban.com/subject/26258779/,8.5,"喜剧,动作,科幻",5,,,2023-05-09 21:14:42,2023 / 美国 / 喜剧 动作 科幻 惊悚 冒险 / 詹姆斯·古恩 / 克里斯·帕拉特 佐伊·索尔达娜
3757244063,彗星来的那一夜,,https://img9.doubanio.com/view/photo/m_ratio_poster/public/p2187896734.jpg,2013-09-19(奇幻电影节),https://movie.douban.com/subject/25807345/,8.6,"科幻,悬疑,惊悚",4,,,2023-04-16 16:19:37,2013 / 美国 英国 / 科幻 悬疑 惊悚 / 詹姆斯·沃德·布柯特 / 艾米丽·芭尔多尼 莫瑞·史特林
3749057397,铃芽之旅,,https://img2.doubanio.com/view/photo/m_ratio_poster/public/p2887641712.jpg,2023-03-24(中国大陆),https://movie.douban.com/subject/35371261/,7.3,"爱情,动画,奇幻",5,,,2023-04-09 13:09:51,2022 / 日本 / 爱情 动画 奇幻 / 新海诚 / 原菜乃华 松村北斗
3748369441,平家物语：犬王,,https://img2.doubanio.com/view/photo/m_ratio_poster/public/p2889961302.jpg,2023-04-07(中国大陆),https://movie.douban.com/subject/34430141/,7.9,"动画,音乐,奇幻",5,,,2023-04-08 21:46:45,2021 / 日本 / 动画 音乐 奇幻 / 汤浅政明 / 蔷薇园啊呜 森山未来
3745915589,超级马力欧兄弟大电影,,https://img1.doubanio.com/view/photo/m_ratio_poster/public/p2888584528.jpg,2023-04-05(美国/中国大陆),https://movie.douban.com/subject/27199894/,7.9,"喜剧,爱情,科幻",5,,,2023-04-06 19:34:26,2023 / 美国 日本 / 喜剧 爱情 科幻 动画 奇幻 冒险 / 亚伦·霍瓦斯 迈克尔·杰勒尼克 / 克里斯·帕拉特 安雅·泰勒-乔伊
3741386692,龙与地下城：侠盗荣耀,,https://img1.doubanio.com/view/photo/m_ratio_poster/public/p2888874787.jpg,2023-03-31(美国/中国大陆),https://movie.douban.com/subject/26584673/,7.6,"动作,奇幻,冒险",4,,,2023-04-02 22:24:36,2023 / 美国 加拿大 / 动作 奇幻 冒险 / 约翰·弗朗西斯·戴利 乔纳森·戈尔茨坦 / 克里斯·派恩 米歇尔·罗德里格兹
3713983109,霹雳兵烽决之碧血玄黄,,https://img1.doubanio.com/view/photo/m_ratio_poster/public/p2659338730.jpg,2021-06-11(中国台湾),https://movie.douban.com/subject/35496351/,6.9,"奇幻,武侠",3,,,2023-03-07 23:46:52,2021 / 中国台湾 / 奇幻 武侠
3705176855,蜘蛛侠：英雄无归,,https://img9.doubanio.com/view/photo/m_ratio_poster/public/p2730024046.jpg,2021-12-15(中国台湾),https://movie.douban.com/subject/26933210/,6.6,"动作,科幻,奇幻",4,,,2023-02-26 22:29:07,2021 / 美国 / 动作 科幻 奇幻 冒险 / 乔·沃茨 / 汤姆·赫兰德 赞达亚
3704016563,蜘蛛侠：英雄远征,,https://img9.doubanio.com/view/photo/m_ratio_poster/public/p2558293106.jpg,2019-06-28(中国大陆),https://movie.douban.com/subject/26931786/,7.6,"动作,科幻,冒险",4,,,2023-02-25 22:34:54,2019 / 美国 / 动作 科幻 冒险 / 乔·沃茨 / 汤姆·赫兰德 赞达亚
3703096199,蜘蛛侠：英雄归来,,https://img2.doubanio.com/view/photo/m_ratio_poster/public/p2497756471.jpg,2017-09-08(中国大陆),https://movie.douban.com/subject/24753477/,7.3,"动作,科幻,冒险",4,,,2023-02-25 00:39:49,2017 / 美国 / 动作 科幻 冒险 / 乔·沃茨 / 汤姆·赫兰德 小罗伯特·唐尼
1647033456,蜘蛛侠：平行宇宙,,https://img1.doubanio.com/view/photo/m_ratio_poster/public/p2535851348.jpg,2018-12-21(中国大陆),https://movie.douban.com/subject/26374197/,8.6,"动作,科幻,动画",5,,,2023-02-24 11:24:26,2018 / 美国 / 动作 科幻 动画 冒险 / 鲍勃·佩尔西凯蒂 彼得·拉姆齐 罗德尼·罗斯曼 / 沙梅克·摩尔 杰克·约翰逊
3696035048,蚁人与黄蜂女：量子狂潮,,https://img9.doubanio.com/view/photo/m_ratio_poster/public/p2888100566.jpg,2023-02-17(美国/中国大陆),https://movie.douban.com/subject/34610636/,6,"喜剧,动作,科幻",4,,,2023-02-18 15:35:56,2023 / 美国 / 喜剧 动作 科幻 冒险 / 佩顿·里德 / 保罗·路德 伊万杰琳·莉莉
3680137798,春光乍泄,,https://img2.doubanio.com/view/photo/m_ratio_poster/public/p465939041.jpg,1997-05-30(中国香港),https://movie.douban.com/subject/1292679/,9,"剧情,爱情,同性",4,,,2023-02-04 22:57:23,1997 / 中国香港 日本 韩国 / 剧情 爱情 同性 / 王家卫 / 张国荣 梁朝伟
3674890349,霹雳兵燹之刀戟戡魔录,,https://img2.doubanio.com/view/photo/m_ratio_poster/public/p2526280102.jpg,2005-06,https://movie.douban.com/subject/1920824/,9.3,"剧情,动作,武侠",4,1.18,,2023-02-01 01:29:58,2005 / 中国台湾 / 剧情 动作 武侠 古装 / 黄文择 / 黄文择口白
3662336965,尼罗河上的惨案,,https://img1.doubanio.com/view/photo/m_ratio_poster/public/p2366278130.jpg,1979-07(中国大陆),https://movie.douban.com/subject/1302100/,8.5,"剧情,悬疑,犯罪",4,,,2023-01-24 23:02:10,1978 / 英国 / 剧情 悬疑 犯罪 / 约翰·吉勒明 / 彼得·乌斯蒂诺夫 简·伯金
3657620253,摄影机不要停！,,https://img9.doubanio.com/view/photo/m_ratio_poster/public/p2541824676.jpg,2017-11-04(东京首映),https://movie.douban.com/subject/30234315/,8.2,"喜剧,恐怖",4,,,2023-01-22 23:03:03,2017 / 日本 / 喜剧 恐怖 / 上田慎一郎 / 滨津隆之 真鱼
3656013735,一场很（没）有必要的春晚,,https://img9.doubanio.com/view/photo/m_ratio_poster/public/p2868008846.jpg,2022-01-28(中国大陆),https://movie.douban.com/subject/35765172/,7.6,喜剧,5,,,2023-01-22 00:19:04,2022 / 加拿大 / 喜剧 / 汪英伦 / 王赛丽 Rocky Sun
3646841444,清白的嫌疑人,,https://img1.doubanio.com/view/photo/m_ratio_poster/public/p2881141100.jpg,2022-09-16(美国),https://movie.douban.com/subject/35564914/,6.4,"喜剧,犯罪",4,,,2023-01-14 17:09:30,2022 / 美国 / 喜剧 犯罪 / 格雷格·莫托拉 / 乔恩·哈姆 凯尔·麦克拉克伦
3639139829,利刃出鞘,,https://img1.doubanio.com/view/photo/m_ratio_poster/public/p2574172427.jpg,2019-11-29(中国大陆),https://movie.douban.com/subject/30318116/,8.1,"剧情,喜剧,犯罪",4,,,2023-01-08 21:03:15,
3639139635,利刃出鞘2,,https://img2.doubanio.com/view/photo/m_ratio_poster/public/p2882492021.jpg,2022-09-10(多伦多电影节),https://movie.douban.com/subject/34939037/,6.7,"剧情,喜剧,犯罪",4,,,2023-01-08 21:03:09,
3627015750,潘神的迷宫,,https://img2.doubanio.com/view/photo/m_ratio_poster/public/p2655686372.jpg,2006-10-11(西班牙),https://movie.douban.com/subject/1767042/,7.9,"剧情,战争,奇幻",3,,,2023-01-01 15:27:39,
3618422911,霹雳靖玄录,,https://img2.doubanio.com/view/photo/m_ratio_poster/public/p2560551011.jpg,2019-06-21(中国大陆),https://movie.douban.com/subject/34442304/,,武侠,3,,,2022-12-27 17:10:50,
3616147870,罪恶之家,,https://img1.doubanio.com/view/photo/m_ratio_poster/public/p2266257360.jpg,2015-09-13(英国),https://movie.douban.com/subject/25955491/,8.3,"剧情,悬疑",4,,,2022-12-25 23:12:39,
3598881393,霹雳兵烽决,,https://img9.doubanio.com/view/photo/m_ratio_poster/public/p2619910415.jpg,2020-09-18(中国台湾),https://movie.douban.com/subject/35203398/,7.5,武侠,4,,,2022-12-11 00:15:27,
3574161865,子弹列车,,https://img2.doubanio.com/view/photo/m_ratio_poster/public/p2873950053.jpg,2022-08-03(洛迦诺电影节),https://movie.douban.com/subject/35118954/,7.9,"喜剧,动作,惊悚",3,,,2022-11-20 17:01:27,
3573456560,致命魔术,,https://img9.doubanio.com/view/photo/m_ratio_poster/public/p480383375.jpg,2006-10-17(罗马电影节),https://movie.douban.com/subject/1780330/,8.9,"剧情,悬疑,惊悚",4,,,2022-11-20 01:19:12,
3572757674,疯狂动物城+,,https://img2.doubanio.com/view/photo/m_ratio_poster/public/p2883556682.jpg,2022-11-09(美国网络),https://movie.douban.com/subject/35284242/,8.5,"喜剧,爱情,犯罪",4,,,2022-11-19 17:46:50,
3566871977,霹雳剑踪,,https://img2.doubanio.com/view/photo/m_ratio_poster/public/p2526279711.jpg,2005-02,https://movie.douban.com/subject/1920822/,9.4,"武侠,舞台艺术",5,,,2022-11-14 14:44:33,
3566871487,多情剑客无情剑,,https://img9.doubanio.com/view/photo/m_ratio_poster/public/p2266400516.jpg,1977-10-14(中国香港),https://movie.douban.com/subject/1302628/,7.5,"动作,武侠,古装",4,,,2022-11-14 14:44:03,
3552338424,霹雳奇幻 西幽玹歌,,https://img9.doubanio.com/view/photo/m_ratio_poster/public/p2613870177.jpg,2019-10-25(中国台湾),https://movie.douban.com/subject/33377346/,8.2,"动画,武侠",4,,,2022-11-01 23:49:07,
3552338137,霹雳奇幻 生死一剑,,https://img9.doubanio.com/view/photo/m_ratio_poster/public/p2518143759.jpg,2017-12-08(中国台湾),https://movie.douban.com/subject/26887055/,8,"动作,动画,奇幻",4,,,2022-11-01 23:48:55,
3552337759,Thunderbolt Fantasy 东离剑游纪 2,,https://img9.doubanio.com/view/photo/m_ratio_poster/public/p2529356960.jpg,2018-10-01(日本),https://movie.douban.com/subject/27101851/,8.8,"动画,奇幻,武侠",4,,,2022-11-01 23:48:38,
3552337623,Thunderbolt Fantasy 东离剑游纪,,https://img9.doubanio.com/view/photo/m_ratio_poster/public/p2358809088.jpg,2016-07-08(日本),https://movie.douban.com/subject/26724115/,9,"剧情,动作,动画",4,,,2022-11-01 23:48:33,
3552336601,社交网络,,https://img9.doubanio.com/view/photo/m_ratio_poster/public/p2553756806.jpg,2010-09-24(纽约电影节),https://movie.douban.com/subject/3205624/,8.2,"剧情,传记",3,,,2022-11-01 23:47:48,
3552336358,霹雳侠影之轰掣天下,,https://img9.doubanio.com/view/photo/m_ratio_poster/public/p2157611699.jpg,2013-11-01,https://movie.douban.com/subject/25761090/,8,"剧情,动作,奇幻",3,,,2022-11-01 23:47:39,
3552335797,霹雳侠影之轰定干戈,,https://img9.doubanio.com/view/photo/m_ratio_poster/public/p1988464958.jpg,2013-06-07(中国台湾),https://movie.douban.com/subject/24722810/,8.4,武侠,3,,,2022-11-01 23:47:15,
3501981504,故园风雨后,,https://img9.doubanio.com/view/photo/m_ratio_poster/public/p584617950.jpg,2008-10-03(英国),https://movie.douban.com/subject/2034997/,7.8,"剧情,爱情",4,,,2022-09-18 15:08:31,
3501208712,明亮的星,,https://img9.doubanio.com/view/photo/m_ratio_poster/public/p2020692041.jpg,2009-11-06(英国),https://movie.douban.com/subject/2072848/,7.8,"剧情,传记,爱情",4,,,2022-09-17 22:36:14,
3494402043,小妇人,,https://img9.doubanio.com/view/photo/m_ratio_poster/public/p2572813215.jpg,2020-08-25(中国大陆),https://movie.douban.com/subject/26348103/,8,"剧情,爱情",3,,,2022-09-11 22:13:23,
3477968388,霹雳侠影之轰动武林,,https://img9.doubanio.com/view/photo/m_ratio_poster/public/p2550271964.jpg,2013-01-12,https://movie.douban.com/subject/20471076/,8.6,"奇幻,武侠,古装",2,,,2022-08-29 02:19:47,
3477757564,分手的决心,,https://img9.doubanio.com/view/photo/m_ratio_poster/public/p2873816122.jpg,2022-05-23(戛纳电影节),https://movie.douban.com/subject/35073886/,7.6,"剧情,犯罪,悬疑",4,,,2022-08-28 23:22:03,
3472196007,企鹅公路,,https://img9.doubanio.com/view/photo/m_ratio_poster/public/p2555927320.jpg,2019-05-17(中国大陆),https://movie.douban.com/subject/30158971/,7.6,"动画,奇幻,冒险",5,,,2022-08-24 22:41:40,
3466203549,青春变形记,,https://img9.doubanio.com/view/photo/m_ratio_poster/public/p2868096837.jpg,2022-03-11(美国网络),https://movie.douban.com/subject/35284253/,8.2,"喜剧,动画,奇幻",4,,,2022-08-20 23:09:39,
3461075454,素还真,,https://img9.doubanio.com/view/photo/m_ratio_poster/public/p2694721795.jpg,2022-01-28(中国台湾),https://movie.douban.com/subject/35622269/,6.7,"剧情,武侠,古装",3,,,2022-08-17 08:33:16,
3458042824,末路狂花,,https://img9.doubanio.com/view/photo/m_ratio_poster/public/p1910924635.jpg,1991-05-24(美国),https://movie.douban.com/subject/1291992/,8.9,"犯罪,剧情,惊悚",4,,,2022-08-14 20:22:01,
3450063569,霹雳惊鸿之刀剑春秋,,https://img9.doubanio.com/view/photo/m_ratio_poster/public/p2553146947.jpg,2012-10-12,https://movie.douban.com/subject/19973814/,8.5,"武侠,戏曲,舞台艺术",4,,,2022-08-08 02:46:28,
3448413843,阿飞正传,,https://img9.doubanio.com/view/photo/m_ratio_poster/public/p2525770523.jpg,2018-06-25(中国大陆),https://movie.douban.com/subject/1305690/,8.5,"犯罪,剧情,爱情",4,,,2022-08-06 22:01:16,
3442268376,倩女幽魂,,https://img9.doubanio.com/view/photo/m_ratio_poster/public/p2414157745.jpg,2011-04-30(中国大陆),https://movie.douban.com/subject/1297447/,8.8,"爱情,奇幻,武侠",4,,,2022-08-01 13:48:35,
3424160046,东邪西毒,,https://img9.doubanio.com/view/photo/m_ratio_poster/public/p1982176012.jpg,1994-09-17(中国大陆),https://movie.douban.com/subject/1292328/,8.6,"剧情,动作,爱情",4,,,2022-07-17 00:30:17,
3416784370,重庆森林,,https://img9.doubanio.com/view/photo/m_ratio_poster/public/p792381411.jpg,1994-07-14(中国香港),https://movie.douban.com/subject/1291999/,8.8,"剧情,爱情",5,,,2022-07-10 16:58:39,
3409618224,剧场版魔法少女小圆 新篇 叛逆的故事,,https://img9.doubanio.com/view/photo/m_ratio_poster/public/p2151582333.jpg,2013-10-26(日本),https://movie.douban.com/subject/10569151/,9.2,动画,5,,,2022-07-03 23:16:35,
3409188524,剧场版魔法少女小圆 后篇 永远的故事,,https://img9.doubanio.com/view/photo/m_ratio_poster/public/p1957621170.jpg,2012-10-27(中国香港),https://movie.douban.com/subject/10569150/,9.2,动画,4,,,2022-07-03 17:18:58,
3409041454,剧场版魔法少女小圆 前篇 起始的故事,,https://img9.doubanio.com/view/photo/m_ratio_poster/public/p1634119717.jpg,2012-10-06(日本),https://movie.douban.com/subject/10174444/,8.9,"动画,悬疑,奇幻",4,,,2022-07-03 15:08:18,
3406314401,派对浪客诸葛孔明,,https://img9.doubanio.com/view/photo/m_ratio_poster/public/p2870822886.jpg,2022-04-05(日本),https://movie.douban.com/subject/35633903/,8.5,动画,4,,,2022-06-30 23:19:35,
3403426068,新世纪福音战士,,https://img9.doubanio.com/view/photo/m_ratio_poster/public/p2026157878.jpg,1995-10-04(日本),https://movie.douban.com/subject/1457573/,9.4,"剧情,科幻,动画",4.5,,,2022-06-27 23:52:38,
3398452145,死亡诗社,,https://img9.doubanio.com/view/photo/m_ratio_poster/public/p2575465690.jpg,1989-06-02(多伦多首映),https://movie.douban.com/subject/1291548/,9.1,剧情,4.5,,,2022-06-23 11:41:26,
3398452005,成为简·奥斯汀,,https://img9.doubanio.com/view/photo/m_ratio_poster/public/p1284506783.jpg,2007-03-09(英国),https://movie.douban.com/subject/1920805/,8.3,"传记,剧情,爱情",4,,,2022-06-23 11:41:13,
3398451802,名侦探柯南：贝克街的亡灵,,https://img9.doubanio.com/view/photo/m_ratio_poster/public/p453731188.jpg,2002-04-20(日本),https://movie.douban.com/subject/2286642/,9,"动画,冒险,悬疑",4.5,,,2022-06-23 11:40:57,
3398451630,生活大爆炸  第一季,,https://img9.doubanio.com/view/photo/m_ratio_poster/public/p2553281898.jpg,2007-09-24(美国),https://movie.douban.com/subject/2156528/,9.5,喜剧,5,,,2022-06-23 11:40:42,
3398449646,调音师,,https://img9.doubanio.com/view/photo/m_ratio_poster/public/p2551995207.jpg,2019-04-03(中国大陆),https://movie.douban.com/subject/30334073/,8.2,"喜剧,犯罪,悬疑",4,,,2022-06-23 11:37:58,
3398447660,佐贺偶像是传奇 卷土重来,,https://img9.doubanio.com/view/photo/m_ratio_poster/public/p2629507137.jpg,2021-04-08(日本),https://movie.douban.com/subject/34777842/,9.2,动画,4.5,,,2022-06-23 11:35:35,
3398447594,佐贺偶像是传奇,,https://img9.doubanio.com/view/photo/m_ratio_poster/public/p2537106539.jpg,2018-10-04(日本),https://movie.douban.com/subject/30267274/,8.9,"动画,恐怖",4.5,,,2022-06-23 11:35:29,
3398447371,失控玩家,,https://img9.doubanio.com/view/photo/m_ratio_poster/public/p2677520025.jpg,2021-08-27(中国大陆),https://movie.douban.com/subject/30337388/,7.5,"喜剧,动作,科幻",4,,,2022-06-23 11:35:12,
3398447215,言叶之庭,,https://img9.doubanio.com/view/photo/m_ratio_poster/public/p1958733032.jpg,2013-05-31(日本),https://movie.douban.com/subject/20470074/,8.3,"爱情,动画",4,,,2022-06-23 11:34:59,
3398447027,了不起的盖茨比,,https://img9.doubanio.com/view/photo/m_ratio_poster/public/p2091221628.jpg,2013-08-30(中国大陆),https://movie.douban.com/subject/3364223/,7.9,"剧情,爱情",4,,,2022-06-23 11:34:44,
3398446856,夏日大作战,,https://img9.doubanio.com/view/photo/m_ratio_poster/public/p1031772057.jpg,2009-08-01(日本),https://movie.douban.com/subject/3908423/,8.5,"喜剧,科幻,动画",4.5,,,2022-06-23 11:34:30,
3397460213,无事生非 (2011年伦敦Wyndham剧院版),,https://img9.doubanio.com/view/photo/m_ratio_poster/public/p2328040727.jpg,,https://movie.douban.com/subject/26763132/,9.4,"喜剧,爱情",4.5,,,2022-06-22 12:28:14,
3397460023,龙猫,,https://img9.doubanio.com/view/photo/m_ratio_poster/public/p2540924496.jpg,2018-12-14(中国大陆),https://movie.douban.com/subject/1291560/,9.2,"动画,奇幻,冒险",4.5,,,2022-06-22 12:28:00,
3397456215,琉璃之舞,,https://img9.doubanio.com/view/photo/m_ratio_poster/public/p2870722738.jpg,2022-04-08(西班牙),https://movie.douban.com/subject/35798217/,6.1,"剧情,惊悚",3,,,2022-06-22 12:23:31,
3397456049,婚姻故事,,https://img9.doubanio.com/view/photo/m_ratio_poster/public/p2571760178.jpg,2020-05-20(中国大陆网络),https://movie.douban.com/subject/27202818/,8.6,"剧情,爱情",4.5,,,2022-06-22 12:23:20,
3397451137,青蛇,,https://img9.doubanio.com/view/photo/m_ratio_poster/public/p2570901292.jpg,1993-11-04(中国香港),https://movie.douban.com/subject/1303394/,8.6,"剧情,爱情,奇幻",4.5,,,2022-06-22 12:17:26,
3397450909,朗读者,,https://img9.doubanio.com/view/photo/m_ratio_poster/public/p1140984198.jpg,2008-12-10(纽约首映),https://movie.douban.com/subject/2213597/,8.6,"剧情,爱情",4.5,,,2022-06-22 12:17:08,
3397449756,哈尔的移动城堡,,https://img9.doubanio.com/view/photo/m_ratio_poster/public/p2174346180.jpg,2004-09-05(威尼斯电影节),https://movie.douban.com/subject/1308807/,9.1,"动画,奇幻,冒险",4.5,,,2022-06-22 12:15:38,
3397449582,奇巧计程车,,https://img9.doubanio.com/view/photo/m_ratio_poster/public/p2631090442.jpg,2021-04-06(日本),https://movie.douban.com/subject/35332568/,9.5,"剧情,动画,悬疑",5,,,2022-06-22 12:15:24,
3397447511,雄狮少年,,https://img9.doubanio.com/view/photo/m_ratio_poster/public/p2702755317.jpg,2021-12-17(中国大陆),https://movie.douban.com/subject/35144311/,8.3,"剧情,喜剧,动画",4,,,2022-06-22 12:12:39,
3397410095,肖申克的救赎,,https://img9.doubanio.com/view/photo/m_ratio_poster/public/p480747492.jpg,1994-09-10(多伦多电影节),https://movie.douban.com/subject/1292052/,9.7,"犯罪,剧情",5,,,2022-06-22 11:27:33,
3397409322,瞬息全宇宙,,https://img9.doubanio.com/view/photo/m_ratio_poster/public/p2869765076.jpg,2022-03-11(西南偏南电影节),https://movie.douban.com/subject/30314848/,7.7,"喜剧,奇幻,冒险",4,,,2022-06-22 11:26:40,
3315541291,神奇动物：邓布利多之谜,,https://img9.doubanio.com/view/photo/m_ratio_poster/public/p2871106106.jpg,2022-04-08(中国大陆),https://movie.douban.com/subject/26147418/,5.9,"奇幻,冒险",3,,,2022-04-14 22:34:32,
3094936503,入殓师,,https://img9.doubanio.com/view/photo/m_ratio_poster/public/p2707581855.jpg,2021-10-29(中国大陆),https://movie.douban.com/subject/2149806/,8.9,剧情,4.5,,,2021-11-02 19:58:53,
3088097489,沙丘,,https://img9.doubanio.com/view/photo/m_ratio_poster/public/p2687443734.jpg,2021-10-22(美国/中国大陆),https://movie.douban.com/subject/3001114/,7.7,"剧情,科幻,冒险",4,,,2021-10-27 18:57:15,
3069458661,春宵苦短，少女前进吧！,,https://img9.doubanio.com/view/photo/m_ratio_poster/public/p2418455758.jpg,2017-04-07(日本),https://movie.douban.com/subject/26935251/,8.7,"喜剧,爱情,动画",4.5,,,2021-10-11 00:54:31,
2917082143,黑白魔女库伊拉,,https://img9.doubanio.com/view/photo/m_ratio_poster/public/p2653946775.jpg,2021-06-06(中国大陆),https://movie.douban.com/subject/26703121/,6.8,"喜剧,犯罪",3.5,,,2021-06-16 20:50:35,
2894524789,大红灯笼高高挂,,https://img9.doubanio.com/view/photo/m_ratio_poster/public/p1254404823.jpg,1991-09-10(威尼斯电影节),https://movie.douban.com/subject/1293323/,8.7,剧情,4.5,,,2021-05-29 00:18:53,
2815898365,波斯语课,,https://img9.doubanio.com/view/photo/m_ratio_poster/public/p2588101332.jpg,2021-03-19(中国大陆),https://movie.douban.com/subject/30466931/,8.1,剧情,4,,,2021-03-29 19:03:59,
2693593106,心灵奇旅,,https://img9.doubanio.com/view/photo/m_ratio_poster/public/p2626308994.jpg,2020-12-25(中国大陆/美国网络),https://movie.douban.com/subject/24733428/,8.7,"动画,奇幻,音乐",4.5,,,2021-01-15 22:41:12,
2682508581,金光御九界之战血天道,,https://img9.doubanio.com/view/photo/m_ratio_poster/public/p2555075863.jpg,2019-05-02(中国台湾),https://movie.douban.com/subject/33400385/,7.5,"奇幻,武侠,古装",4,,,2021-01-08 19:00:20,
2663930169,金光御九界之鬼途奇行录,,https://img9.doubanio.com/view/photo/m_ratio_poster/public/p2543506995.jpg,2017-11-22(中国台湾),https://movie.douban.com/subject/27180993/,8.3,"奇幻,武侠,古装",4,,,2020-12-29 20:27:01,
2663929582,金光御九界之魆妖纪,,https://img9.doubanio.com/view/photo/m_ratio_poster/public/p2449597693.jpg,2017-03-22(中国台湾),https://movie.douban.com/subject/26992111/,7.4,"武侠,古装",3.5,,,2020-12-29 20:26:41,
2663928990,金光御九界之东皇战影,,https://img9.doubanio.com/view/photo/m_ratio_poster/public/p2354134669.jpg,2016-05-25(中国台湾),https://movie.douban.com/subject/26789887/,7.6,"动画,奇幻,武侠",4,,,2020-12-29 20:26:21,
2663928530,金光御九界之墨邪录,,https://img9.doubanio.com/view/photo/m_ratio_poster/public/p2293132454.jpg,2015-12-16,https://movie.douban.com/subject/26677955/,8.8,"奇幻,武侠,古装",4.5,,,2020-12-29 20:26:05,
2663928068,金光御九界之墨世佛劫,,https://img9.doubanio.com/view/photo/m_ratio_poster/public/p2238359630.jpg,2015-04-22,https://movie.douban.com/subject/26365524/,9.4,"动画,奇幻",4.5,,,2020-12-29 20:25:51,
2663927603,金光御九界之墨武侠锋,,https://img9.doubanio.com/view/photo/m_ratio_poster/public/p2196184350.jpg,2014-09-03,https://movie.douban.com/subject/25960764/,9.3,"奇幻,武侠,古装",4.5,,,2020-12-29 20:25:34,
2663927063,天地风云录之魔戮血战,,https://img9.doubanio.com/view/photo/m_ratio_poster/public/p2166569170.jpg,2014-01-15,https://movie.douban.com/subject/25806715/,9.3,"奇幻,武侠",4.5,,,2020-12-29 20:25:16,
2663926232,天地风云录之剑影魔踪,,https://img9.doubanio.com/view/photo/m_ratio_poster/public/p2521190374.jpg,2013-08-28(中国台湾),https://movie.douban.com/subject/25453612/,9.4,"剧情,奇幻,武侠",4.5,,,2020-12-29 20:24:48,
2663925305,天地风云录之九龙变,,https://img9.doubanio.com/view/photo/m_ratio_poster/public/p2508627866.jpg,2012-12-05,https://movie.douban.com/subject/20284982/,9.5,"奇幻,武侠,古装",5,,,2020-12-29 20:24:17,
2550639431,姜子牙,,https://img9.doubanio.com/view/photo/m_ratio_poster/public/p2621219978.jpg,2020-10-01(中国大陆),https://movie.douban.com/subject/25907124/,6.6,"剧情,动画,奇幻",3.5,,,2020-10-02 15:07:06,
2498100006,半泽直树,,https://img9.doubanio.com/view/photo/m_ratio_poster/public/p2411814194.jpg,2013-07-07(日本),https://movie.douban.com/subject/24697949/,9.2,剧情,4.5,,,2020-08-19 10:51:22,
2427924495,魔女宅急便,,https://img9.doubanio.com/view/photo/m_ratio_poster/public/p456676352.jpg,1989-07-29(日本),https://movie.douban.com/subject/1307811/,8.7,"动画,奇幻,冒险",4.5,,,2020-06-22 20:11:50,
2425352629,深夜食堂,,https://img9.doubanio.com/view/photo/m_ratio_poster/public/p1584946881.jpg,2009-10-09(日本),https://movie.douban.com/subject/3991933/,9.2,剧情,4.5,,,2020-06-20 18:38:29,
2423765980,驯龙高手,,https://img9.doubanio.com/view/photo/m_ratio_poster/public/p2210954024.jpg,2010-05-14(中国大陆),https://movie.douban.com/subject/2353023/,8.7,"动画,奇幻,冒险",4.5,,,2020-06-19 09:31:09,
2404534744,别对映像研出手！,,https://img9.doubanio.com/view/photo/m_ratio_poster/public/p2584313356.jpg,2020-01-05(日本),https://movie.douban.com/subject/33438250/,9.4,动画,4.5,,,2020-06-01 00:57:03,
1455780122,人生删除事务所,,https://img9.doubanio.com/view/photo/m_ratio_poster/public/p2529175001.jpg,2018-07-27(日本),https://movie.douban.com/subject/30232260/,8.6,"剧情,犯罪",4.5,,,2020-06-01 00:56:03,
2372607871,非自然死亡,,https://img9.doubanio.com/view/photo/m_ratio_poster/public/p2510604929.jpg,2018-01-12(日本),https://movie.douban.com/subject/27140017/,9.4,"剧情,悬疑",4.5,,,2020-05-05 17:09:30,
2368411188,但是还有书籍,,https://img9.doubanio.com/view/photo/m_ratio_poster/public/p2577256090.jpg,2019-12-11(中国大陆),https://movie.douban.com/subject/33418361/,9,纪录片,4.5,,,2020-05-02 16:53:25,
1639043690,小森林 夏秋篇,,https://img9.doubanio.com/view/photo/m_ratio_poster/public/p2564498893.jpg,2014-08-30(日本),https://movie.douban.com/subject/25814705/,9,剧情,4.5,,,2020-05-01 23:28:45,
2347149844,异度侵入,,https://img9.doubanio.com/view/photo/m_ratio_poster/public/p2584476257.jpg,2020-01-06(日本),https://movie.douban.com/subject/34456027/,9,"科幻,动画",4.5,,,2020-04-17 23:14:35,
2346950997,哈利·波特与死亡圣器(下),,https://img9.doubanio.com/view/photo/m_ratio_poster/public/p917846733.jpg,2011-08-04(中国大陆),https://movie.douban.com/subject/3011235/,8.9,"奇幻,冒险",4.5,,,2020-04-17 21:21:20,
2346947952,哈利·波特与死亡圣器(上),,https://img9.doubanio.com/view/photo/m_ratio_poster/public/p721429854.jpg,2010-11-19(中国大陆),https://movie.douban.com/subject/2051007/,8.5,"奇幻,冒险",4.5,,,2020-04-17 21:19:27,
2346947126,哈利·波特与混血王子,,https://img9.doubanio.com/view/photo/m_ratio_poster/public/p1108070214.jpg,2009-07-15(中国大陆),https://movie.douban.com/subject/1433330/,8.2,"奇幻,冒险",4,,,2020-04-17 21:18:53,
2346946639,哈利·波特与凤凰社,,https://img9.doubanio.com/view/photo/m_ratio_poster/public/p443403700.jpg,2007-08-10(中国大陆),https://movie.douban.com/subject/1457217/,8.4,"奇幻,冒险",4,,,2020-04-17 21:18:33,
2346945724,哈利·波特与火焰杯,,https://img9.doubanio.com/view/photo/m_ratio_poster/public/p735391084.jpg,2005-11-18(中国大陆),https://movie.douban.com/subject/1309055/,8.7,"悬疑,奇幻,冒险",4.5,,,2020-04-17 21:18:03,
2346945052,哈利·波特与阿兹卡班的囚徒,,https://img9.doubanio.com/view/photo/m_ratio_poster/public/p1910812549.jpg,2004-09-10(中国大陆),https://movie.douban.com/subject/1291544/,8.9,"奇幻,冒险",4.5,,,2020-04-17 21:17:36,
2121341160,哈利·波特与密室,,https://img9.doubanio.com/view/photo/m_ratio_poster/public/p1082651990.jpg,2003-01-24(中国大陆),https://movie.douban.com/subject/1296996/,8.8,"奇幻,冒险",4.5,,,2020-01-05 15:25:46,
2121340382,哈利·波特与魔法石,,https://img9.doubanio.com/view/photo/m_ratio_poster/public/p2614949805.jpg,2002-01-26(中国大陆),https://movie.douban.com/subject/1295038/,9.1,"奇幻,冒险",4.5,,,2020-01-05 15:25:13,
2114377298,猫狗大战,,https://img9.doubanio.com/view/photo/m_ratio_poster/public/p2525537693.jpg,2001-07-04(美国),https://movie.douban.com/subject/1305071/,6.9,"喜剧,动作,冒险",3.5,,,2020-01-01 19:06:31,
2114153148,东京大饭店,,https://img9.doubanio.com/view/photo/m_ratio_poster/public/p2577941048.jpg,2019-10-20(日本),https://movie.douban.com/subject/33464695/,8.8,剧情,4.5,,,2020-01-01 16:37:23,
2110366792,玩具总动员2,,https://img9.doubanio.com/view/photo/m_ratio_poster/public/p1283688673.jpg,1999-11-24(美国),https://movie.douban.com/subject/1291574/,8.4,"喜剧,动画,奇幻",4,,,2019-12-30 11:28:03,
2098879210,玩具总动员,,https://img9.doubanio.com/view/photo/m_ratio_poster/public/p2565956404.jpg,1995-11-22(美国),https://movie.douban.com/subject/1291575/,8.5,"喜剧,动画,家庭",4.5,,,2019-12-23 21:40:47,
2095618644,飞屋环游记,,https://img9.doubanio.com/view/photo/m_ratio_poster/public/p2363116942.jpg,2009-08-04(中国大陆),https://movie.douban.com/subject/2129039/,9.1,"剧情,喜剧,动画",4.5,,,2019-12-21 22:25:32,
2089989626,昨日的美食,,https://img9.doubanio.com/view/photo/m_ratio_poster/public/p2553223074.jpg,2019-04-05(日本),https://movie.douban.com/subject/30442369/,8.8,"剧情,同性,家庭",4.5,,,2019-12-18 18:03:31,
2073642482,穿越时空的少女,,https://img9.doubanio.com/view/photo/m_ratio_poster/public/p2079334286.jpg,2006-07-15(日本),https://movie.douban.com/subject/1937946/,8.6,"剧情,爱情,科幻",4.5,,,2019-12-07 15:19:32,
2068118576,大叔之爱 第一季,,https://img9.doubanio.com/view/photo/m_ratio_poster/public/p2518060958.jpg,2018-04-21(日本),https://movie.douban.com/subject/30156023/,8.2,"喜剧,爱情,同性",4,,,2019-12-03 09:04:25,
2053371154,冰雪奇缘2,,https://img9.doubanio.com/view/photo/m_ratio_poster/public/p2572847101.jpg,2019-11-22(中国大陆),https://movie.douban.com/subject/25887288/,7,"喜剧,动画,冒险",3.5,,,2019-11-23 22:59:05,
2052025401,吹响悠风号剧场版：想要传达的旋律,,https://img9.doubanio.com/view/photo/m_ratio_poster/public/p2499628260.jpg,2017-09-30(日本),https://movie.douban.com/subject/26994755/,9.2,"剧情,动画",4.5,,,2019-11-23 00:10:25,
2049237400,海上钢琴师,,https://img9.doubanio.com/view/photo/m_ratio_poster/public/p2574551676.jpg,2019-11-15(中国大陆),https://movie.douban.com/subject/1292001/,9.3,"剧情,音乐",4.5,,,2019-11-20 21:28:19,
2017414013,致命女人 第一季,,https://img9.doubanio.com/view/photo/m_ratio_poster/public/p2566967861.jpg,2019-07-21(洛杉矶LGBT电影节),https://movie.douban.com/subject/30401122/,9.4,"剧情,喜剧,犯罪",4.5,,,2019-10-27 21:12:33,
1951407769,阿拉丁,,https://img9.doubanio.com/view/photo/m_ratio_poster/public/p2553992741.jpg,2019-05-24(中国大陆),https://movie.douban.com/subject/26891256/,7.4,"爱情,奇幻,冒险",3.5,,,2019-09-13 20:18:43,
1914847596,昨日奇迹,,https://img9.doubanio.com/view/photo/m_ratio_poster/public/p2561245949.jpg,2019-08-16(中国大陆),https://movie.douban.com/subject/30165034/,6.4,"喜剧,奇幻,音乐",3,,,2019-08-18 20:27:17,
1914843186,送我上青云,,https://img9.doubanio.com/view/photo/m_ratio_poster/public/p2565751382.jpg,2019-08-16(中国大陆),https://movie.douban.com/subject/27180759/,7,剧情,3.5,,,2019-08-18 20:24:47,
1867798268,第九区,,https://img9.doubanio.com/view/photo/m_ratio_poster/public/p1559469100.jpg,2009-11-27(中国大陆),https://movie.douban.com/subject/3006772/,8.3,"动作,剧情,科幻",4,,,2019-07-20 16:49:19,
1864148421,大都会,,https://img9.doubanio.com/view/photo/m_ratio_poster/public/p906689323.jpg,1927-01-10,https://movie.douban.com/subject/1298107/,9.1,"剧情,科幻",4.5,,,2019-07-17 21:40:30,
1862854191,哪吒之魔童降世,,https://img9.doubanio.com/view/photo/m_ratio_poster/public/p2563780504.jpg,2019-07-26(中国大陆),https://movie.douban.com/subject/26794435/,8.4,"剧情,喜剧,动画",4,,,2019-07-16 21:39:19,
1781875999,大侦探皮卡丘,,https://img9.doubanio.com/view/photo/m_ratio_poster/public/p2555538168.jpg,2019-05-10(中国大陆),https://movie.douban.com/subject/26835471/,6.4,"喜剧,动画,奇幻",3,,,2019-05-10 20:07:09,
1774500830,复仇者联盟4：终局之战,,https://img9.doubanio.com/view/photo/m_ratio_poster/public/p2552058346.jpg,2019-04-24(中国大陆),https://movie.douban.com/subject/26100958/,8.5,"剧情,动作,科幻",4.5,,,2019-05-03 19:46:20,
1741942869,妖猫传,,https://img9.doubanio.com/view/photo/m_ratio_poster/public/p2530249558.jpg,2017-12-22(中国大陆),https://movie.douban.com/subject/5350027/,6.9,"剧情,悬疑,奇幻",3.5,,,2019-04-05 18:44:50,
1508457802,胡桃夹子和四个王国,,https://img9.doubanio.com/view/photo/m_ratio_poster/public/p2537214991.jpg,2018-11-02(中国大陆),https://movie.douban.com/subject/26741061/,5.9,"奇幻,冒险",3,,,2019-03-11 23:05:29,
1712326297,绿皮书,,https://img9.doubanio.com/view/photo/m_ratio_poster/public/p2549177902.jpg,2019-03-01(中国大陆),https://movie.douban.com/subject/27060077/,8.9,"剧情,喜剧,传记",4.5,,,2019-03-11 14:26:24,
1690632104,地球最后的夜晚,,https://img9.doubanio.com/view/photo/m_ratio_poster/public/p2522256119.jpg,2018-12-31(中国大陆),https://movie.douban.com/subject/26633257/,6.9,"剧情,爱情,悬疑",3.5,,,2019-02-24 02:57:54,
1687715746,星际穿越,,https://img9.doubanio.com/view/photo/m_ratio_poster/public/p2614988097.jpg,2014-11-12(中国大陆),https://movie.douban.com/subject/1889243/,9.4,"剧情,科幻,冒险",4.5,,,2019-02-23 00:39:09,
1658940060,2001太空漫游,,https://img9.doubanio.com/view/photo/m_ratio_poster/public/p2560717825.jpg,1968-04-02(华盛顿首映),https://movie.douban.com/subject/1292226/,8.9,"科幻,惊悚,冒险",4.5,,,2019-02-06 23:46:42,
1638038297,流浪地球,,https://img9.doubanio.com/view/photo/m_ratio_poster/public/p2545472803.jpg,2019-02-05(中国大陆),https://movie.douban.com/subject/26266893/,7.9,"科幻,冒险,灾难",4,,,2019-02-05 15:22:25,
1639041788,波西米亚狂想曲,,https://img9.doubanio.com/view/photo/m_ratio_poster/public/p2549558913.jpg,2019-03-22(中国大陆),https://movie.douban.com/subject/5300054/,8.6,"剧情,传记,同性",4.5,,,2019-01-24 01:13:14,
1623477150,无名之辈,,https://img9.doubanio.com/view/photo/m_ratio_poster/public/p2539661066.jpg,2018-11-16(中国大陆),https://movie.douban.com/subject/27110296/,8,"剧情,喜剧",4,,,2019-01-11 23:03:24,
1603320018,帕丁顿熊2,,https://img9.doubanio.com/view/photo/m_ratio_poster/public/p2506466229.jpg,2017-12-08(中国大陆),https://movie.douban.com/subject/26340419/,8,"喜剧,动画,家庭",4,,,2018-12-31 15:34:57,
1598101160,无双,,https://img9.doubanio.com/view/photo/m_ratio_poster/public/p2535260806.jpg,2018-09-30(中国大陆),https://movie.douban.com/subject/26425063/,8,"剧情,动作,犯罪",4,,,2018-12-28 23:31:01,
1590843654,昭和元禄落语心中,,https://img9.doubanio.com/view/photo/m_ratio_poster/public/p2524998570.jpg,2016-01-08(日本),https://movie.douban.com/subject/26277363/,9.4,"剧情,动画",4.5,,,2018-12-25 14:16:03,
1588501786,流浪猫鲍勃,,https://img9.doubanio.com/view/photo/m_ratio_poster/public/p2535524955.jpg,2018-11-02(中国大陆),https://movie.douban.com/subject/26685451/,7.9,"剧情,喜剧,传记",4,,,2018-12-23 23:59:18,
1532206020,神奇动物：格林德沃之罪,,https://img9.doubanio.com/view/photo/m_ratio_poster/public/p2538826177.jpg,2018-11-16(中国大陆),https://movie.douban.com/subject/26147417/,7,"奇幻,冒险",3.5,,,2018-11-23 07:55:00,
1507141152,小姐,,https://img9.doubanio.com/view/photo/m_ratio_poster/public/p2355555424.jpg,2016-05-14(戛纳电影节),https://movie.douban.com/subject/25977027/,8.4,"剧情,悬疑,情色",4,,,2018-10-30 15:28:44,
1492327134,快乐王子,,https://img9.doubanio.com/view/photo/m_ratio_poster/public/p2510857223.jpg,2018-01-21(圣丹斯电影节),https://movie.douban.com/subject/11524958/,7.3,"剧情,传记,同性",3.5,,,2018-10-14 22:18:39,
1493351354,火星救援,,https://img9.doubanio.com/view/photo/m_ratio_poster/public/p2280097442.jpg,2015-11-25(中国大陆),https://movie.douban.com/subject/25864085/,8.5,"剧情,科幻,冒险",4.5,,,2018-10-13 23:50:08,
1485450923,色，戒,,https://img9.doubanio.com/view/photo/m_ratio_poster/public/p453716305.jpg,2007-11-01(中国大陆),https://movie.douban.com/subject/1828115/,8.6,"剧情,爱情,情色",4.5,,,2018-10-06 21:34:32,
1479884053,芝加哥,,https://img9.doubanio.com/view/photo/m_ratio_poster/public/p2454020352.jpg,2002-12-27(美国),https://movie.douban.com/subject/1307697/,8.9,"喜剧,歌舞,犯罪",4.5,,,2018-09-29 16:13:08,
1455780012,碟中谍6：全面瓦解,,https://img9.doubanio.com/view/photo/m_ratio_poster/public/p2529365085.jpg,2018-08-31(中国大陆),https://movie.douban.com/subject/26336252/,8.1,"动作,惊悚,冒险",4,,,2018-09-17 22:25:14,
1463985762,歌舞青春,,https://img9.doubanio.com/view/photo/m_ratio_poster/public/p2567963309.jpg,2006-01-20(美国),https://movie.douban.com/subject/1765009/,7.7,"剧情,喜剧",4,,,2018-09-09 21:44:32,
1458068894,雷神,,https://img9.doubanio.com/view/photo/m_ratio_poster/public/p956098719.jpg,2011-05-08(中国大陆),https://movie.douban.com/subject/1866471/,7.1,"动作,奇幻,冒险",3.5,,,2018-09-02 22:46:16,
1454683049,蚁人2：黄蜂女现身,,https://img9.doubanio.com/view/photo/m_ratio_poster/public/p2529389608.jpg,2018-08-24(中国大陆),https://movie.douban.com/subject/26636712/,7.3,"动作,科幻,冒险",3.5,,,2018-08-30 14:58:53,
1443036786,一出好戏,,https://img9.doubanio.com/view/photo/m_ratio_poster/public/p2529571873.jpg,2018-08-10(中国大陆),https://movie.douban.com/subject/26985127/,7.1,"剧情,喜剧",3.5,,,2018-08-19 18:45:24,
1434952705,深夜小狗离奇事件,,https://img9.doubanio.com/view/photo/m_ratio_poster/public/p2091465967.jpg,2012-08-02,https://movie.douban.com/subject/25698399/,9,"剧情,喜剧,冒险",4.5,,,2018-08-13 08:06:52,
1434211650,威尼斯商人,,https://img9.doubanio.com/view/photo/m_ratio_poster/public/p2524744994.jpg,2016-04-23(英国),https://movie.douban.com/subject/30246422/,9.2,喜剧,4.5,,,2018-08-12 15:37:17,
1429482233,小偷家族,,https://img9.doubanio.com/view/photo/m_ratio_poster/public/p2530599636.jpg,2018-08-03(中国大陆),https://movie.douban.com/subject/27622447/,8.7,"剧情,犯罪,家庭",4.5,,,2018-08-07 22:44:42,
1426747020,风语咒,,https://img9.doubanio.com/view/photo/m_ratio_poster/public/p2530872223.jpg,2018-08-03(中国大陆),https://movie.douban.com/subject/30146756/,6.8,"动画,奇幻",3.5,,,2018-08-05 00:04:48,
1403616413,我不是药神,,https://img9.doubanio.com/view/photo/m_ratio_poster/public/p2561305376.jpg,2018-07-05(中国大陆),https://movie.douban.com/subject/26752088/,9,"剧情,喜剧",4.5,,,2018-07-10 22:07:13,
1398370742,侏罗纪世界2,,https://img9.doubanio.com/view/photo/m_ratio_poster/public/p2522069454.jpg,2018-06-15(中国大陆),https://movie.douban.com/subject/26416062/,6.7,"动作,科幻,冒险",3.5,,,2018-07-02 10:51:18,
1396900265,回到未来,,https://img9.doubanio.com/view/photo/m_ratio_poster/public/p475872903.jpg,1985-07-03(美国),https://movie.douban.com/subject/1300555/,8.7,"喜剧,科幻,冒险",4.5,,,2018-06-29 17:44:17,
1394660500,三块广告牌,,https://img9.doubanio.com/view/photo/m_ratio_poster/public/p2510081688.jpg,2018-03-02(中国大陆),https://movie.douban.com/subject/26611804/,8.7,"剧情,犯罪",4.5,,,2018-06-24 21:02:21,
1386240182,厕所英雄,,https://img9.doubanio.com/view/photo/m_ratio_poster/public/p2523632248.jpg,2018-06-08(中国大陆),https://movie.douban.com/subject/26942645/,7.1,"剧情,喜剧",3.5,,,2018-06-08 20:56:40,
1383293275,完美陌生人,,https://img9.doubanio.com/view/photo/m_ratio_poster/public/p2522331945.jpg,2018-05-25(中国大陆),https://movie.douban.com/subject/26614893/,8.5,"剧情,喜剧",4.5,,,2018-06-02 20:57:16,
1379856891,游侠索罗：星球大战外传,,https://img9.doubanio.com/view/photo/m_ratio_poster/public/p2521436880.jpg,2018-05-25(中国大陆),https://movie.douban.com/subject/25900947/,6.8,"动作,科幻,冒险",3.5,,,2018-05-26 22:00:27,
1378744668,指环王1：护戒使者,,https://img9.doubanio.com/view/photo/m_ratio_poster/public/p2373910134.jpg,2002-04-04(中国大陆),https://movie.douban.com/subject/1291571/,9.1,"剧情,动作,奇幻",4.5,,,2018-05-24 20:06:12,
1372990499,复仇者联盟3：无限战争,,https://img9.doubanio.com/view/photo/m_ratio_poster/public/p2517753454.jpg,2018-05-11(中国大陆),https://movie.douban.com/subject/24773958/,8.1,"动作,科幻,奇幻",4,,,2018-05-13 17:11:32,
1348640399,水形物语,,https://img9.doubanio.com/view/photo/m_ratio_poster/public/p2506388632.jpg,2018-03-16(中国大陆),https://movie.douban.com/subject/26752852/,7.2,"剧情,爱情,奇幻",3.5,,,2018-03-28 19:02:09,
1324025394,迷失东京,,https://img9.doubanio.com/view/photo/m_ratio_poster/public/p492754135.jpg,2003-08-29(特柳赖德电影节),https://movie.douban.com/subject/1291835/,7.8,"剧情,爱情",4,,,2018-02-14 19:00:21,
1319207254,马戏之王,,https://img9.doubanio.com/view/photo/m_ratio_poster/public/p2511346392.jpg,2018-02-01(中国大陆),https://movie.douban.com/subject/3914513/,7.7,"剧情,传记,歌舞",4,,,2018-02-05 23:00:52,
1318378158,迷情记,,https://img9.doubanio.com/view/photo/m_ratio_poster/public/p2455728944.jpg,2017-05-11,https://movie.douban.com/subject/26994999/,6.6,剧情,3.5,,,2018-02-04 17:22:45,
1318377965,莫扎特传,,https://img9.doubanio.com/view/photo/m_ratio_poster/public/p2445767050.jpg,2017-02-02(英国),https://movie.douban.com/subject/26994791/,8.6,剧情,4.5,,,2018-02-04 17:22:21,
1316736722,神秘巨星,,https://img9.doubanio.com/view/photo/m_ratio_poster/public/p2508925590.jpg,2018-01-19(中国大陆),https://movie.douban.com/subject/26942674/,7.7,"剧情,音乐",4,,,2018-02-01 19:11:22,
1313619765,奇迹男孩,,https://img9.doubanio.com/view/photo/m_ratio_poster/public/p2507709428.jpg,2018-01-19(中国大陆),https://movie.douban.com/subject/26787574/,8.6,"剧情,儿童,家庭",4.5,,,2018-01-27 13:05:48,
1296400487,芳华,,https://img9.doubanio.com/view/photo/m_ratio_poster/public/p2507227732.jpg,2017-12-15(中国大陆),https://movie.douban.com/subject/26862829/,7.7,"剧情,历史,战争",4,,,2017-12-30 19:41:41,
1289483478,速度与激情8,,https://img9.doubanio.com/view/photo/m_ratio_poster/public/p2444256500.jpg,2017-04-14(中国大陆),https://movie.douban.com/subject/26260853/,7.1,"动作,犯罪",3.5,,,2017-12-20 14:39:49,
1289483069,天空之眼,,https://img9.doubanio.com/view/photo/m_ratio_poster/public/p2306322545.jpg,2017-01-13(中国大陆),https://movie.douban.com/subject/10484117/,7.8,"剧情,战争",4,,,2017-12-20 14:39:07,
1289482919,钟馗伏魔：雪妖魔灵,,https://img9.doubanio.com/view/photo/m_ratio_poster/public/p2224452276.jpg,2015-02-19(中国大陆),https://movie.douban.com/subject/25713420/,4.4,"动作,爱情,奇幻",2,,,2017-12-20 14:38:52,
1289482768,奇幻森林,,https://img9.doubanio.com/view/photo/m_ratio_poster/public/p2326337223.jpg,2016-04-15(中国大陆),https://movie.douban.com/subject/25777636/,7.8,"剧情,奇幻,冒险",4,,,2017-12-20 14:38:36,
1289482600,爱乐之城,,https://img9.doubanio.com/view/photo/m_ratio_poster/public/p2395517414.jpg,2017-02-14(中国大陆),https://movie.douban.com/subject/25934014/,8.4,"剧情,爱情,歌舞",4,,,2017-12-20 14:38:18,
1289482468,港囧,,https://img9.doubanio.com/view/photo/m_ratio_poster/public/p2266145079.jpg,2015-09-25(中国大陆),https://movie.douban.com/subject/25710912/,5.7,喜剧,3,,,2017-12-20 14:38:04,
1289482307,神奇动物在哪里,,https://img9.doubanio.com/view/photo/m_ratio_poster/public/p2392444121.jpg,2016-11-25(中国大陆),https://movie.douban.com/subject/25726614/,7.7,"剧情,奇幻,冒险",4,,,2017-12-20 14:37:48,
1289482094,灰姑娘,,https://img9.doubanio.com/view/photo/m_ratio_poster/public/p2231066272.jpg,2015-03-13(中国大陆),https://movie.douban.com/subject/6875263/,6.9,"爱情,奇幻,冒险",3.5,,,2017-12-20 14:37:24,
1289481745,狼图腾,,https://img9.doubanio.com/view/photo/m_ratio_poster/public/p2225291257.jpg,2015-02-19(中国大陆),https://movie.douban.com/subject/3993588/,6.9,"剧情,冒险",3.5,,,2017-12-20 14:36:49,
1289481576,海底总动员2：多莉去哪儿,,https://img9.doubanio.com/view/photo/m_ratio_poster/public/p2356015154.jpg,2016-06-17(中国大陆),https://movie.douban.com/subject/11524967/,7.6,"喜剧,动画,冒险",4,,,2017-12-20 14:36:31,
1289481381,西游记之大圣归来,,https://img9.doubanio.com/view/photo/m_ratio_poster/public/p2255028780.jpg,2015-07-10(中国大陆),https://movie.douban.com/subject/26277313/,8.3,"剧情,动画,奇幻",4,,,2017-12-20 14:36:12,
1289481183,头脑特工队,,https://img9.doubanio.com/view/photo/m_ratio_poster/public/p2266293606.jpg,2015-10-06(中国大陆),https://movie.douban.com/subject/10533913/,8.8,"喜剧,动画,冒险",4.5,,,2017-12-20 14:35:53,
1289481000,寻龙诀,,https://img9.doubanio.com/view/photo/m_ratio_poster/public/p2284620292.jpg,2015-12-18(中国大陆),https://movie.douban.com/subject/3077412/,7.4,"剧情,动作,奇幻",3.5,,,2017-12-20 14:35:34,
1289480871,蚁人,,https://img9.doubanio.com/view/photo/m_ratio_poster/public/p2266823371.jpg,2015-10-16(中国大陆),https://movie.douban.com/subject/1866473/,7.7,"动作,科幻,冒险",4,,,2017-12-20 14:35:19,
1289480553,超能陆战队,,https://img9.doubanio.com/view/photo/m_ratio_poster/public/p2614500883.jpg,2015-02-28(中国大陆),https://movie.douban.com/subject/11026735/,8.7,"喜剧,动作,科幻",4.5,,,2017-12-20 14:34:44,
1289480342,哆啦A梦：伴我同行,,https://img9.doubanio.com/view/photo/m_ratio_poster/public/p2244958975.jpg,2015-05-28(中国大陆),https://movie.douban.com/subject/25769362/,8.1,"剧情,动画",4,,,2017-12-20 14:34:23,
1289480168,分手大师,,https://img9.doubanio.com/view/photo/m_ratio_poster/public/p2188112867.jpg,2014-06-27(中国大陆),https://movie.douban.com/subject/24879858/,5.1,"喜剧,爱情",2.5,,,2017-12-20 14:34:03,
1289480021,博物馆奇妙夜3,,https://img9.doubanio.com/view/photo/m_ratio_poster/public/p2219665256.jpg,2015-01-04(中国大陆),https://movie.douban.com/subject/21349734/,7.2,"喜剧,奇幻,冒险",3.5,,,2017-12-20 14:33:44,
1289479895,沉睡魔咒,,https://img9.doubanio.com/view/photo/m_ratio_poster/public/p2185343341.jpg,2014-06-20(中国大陆),https://movie.douban.com/subject/4301224/,7.3,"奇幻,冒险",3.5,,,2017-12-20 14:33:30,
1289479746,模仿游戏,,https://img9.doubanio.com/view/photo/m_ratio_poster/public/p2255040492.jpg,2015-07-21(中国大陆),https://movie.douban.com/subject/10463953/,8.7,"剧情,传记,战争",4.5,,,2017-12-20 14:33:13,
1289479597,海洋之歌,,https://img9.doubanio.com/view/photo/m_ratio_poster/public/p2360910487.jpg,2016-08-12(中国大陆),https://movie.douban.com/subject/11584019/,8.8,"动画,奇幻,冒险",4.5,,,2017-12-20 14:32:56,
1289479427,冰雪奇缘,,https://img9.doubanio.com/view/photo/m_ratio_poster/public/p2166640945.jpg,2014-02-05(中国大陆),https://movie.douban.com/subject/4202982/,8.4,"喜剧,动画,奇幻",4,,,2017-12-20 14:32:40,
1289479285,霍比特人3：五军之战,,https://img9.doubanio.com/view/photo/m_ratio_poster/public/p2219406504.jpg,2015-01-23(中国大陆),https://movie.douban.com/subject/2973079/,8.5,"动作,奇幻,冒险",4.5,,,2017-12-20 14:32:27,
1289479152,战狼2,,https://img9.doubanio.com/view/photo/m_ratio_poster/public/p2494701965.jpg,2017-07-27(中国大陆),https://movie.douban.com/subject/26363254/,7.1,"动作,战争",3.5,,,2017-12-20 14:32:12,
1289479014,战狼,,https://img9.doubanio.com/view/photo/m_ratio_poster/public/p2225660666.jpg,2015-04-02(中国大陆),https://movie.douban.com/subject/24753810/,7,"动作,战争",3.5,,,2017-12-20 14:31:58,
1289478866,绣春刀,,https://img9.doubanio.com/view/photo/m_ratio_poster/public/p2194066391.jpg,2014-08-07(中国大陆),https://movie.douban.com/subject/24745500/,7.6,"剧情,动作,武侠",4,,,2017-12-20 14:31:43,
1289478700,魔发奇缘,,https://img9.doubanio.com/view/photo/m_ratio_poster/public/p707509468.jpg,2011-02-03(中国台湾),https://movie.douban.com/subject/1863766/,8.3,"喜剧,动画,冒险",4,,,2017-12-20 14:31:27,
1289478519,海洋奇缘,,https://img9.doubanio.com/view/photo/m_ratio_poster/public/p2397960879.jpg,2016-11-25(中国大陆),https://movie.douban.com/subject/25793398/,7.5,"动画,奇幻,冒险",4,,,2017-12-20 14:31:10,
1289478374,记忆大师,,https://img9.doubanio.com/view/photo/m_ratio_poster/public/p2455156816.jpg,2017-04-28(中国大陆),https://movie.douban.com/subject/25884801/,7.1,"悬疑,惊悚",3.5,,,2017-12-20 14:30:55,
1289478202,西游伏妖篇,,https://img9.doubanio.com/view/photo/m_ratio_poster/public/p2411953504.jpg,2017-01-28(中国大陆),https://movie.douban.com/subject/25801066/,5.5,"喜剧,动作,奇幻",3,,,2017-12-20 14:30:38,
1289478013,你的名字。,,https://img9.doubanio.com/view/photo/m_ratio_poster/public/p2395733377.jpg,2016-12-02(中国大陆),https://movie.douban.com/subject/26683290/,8.5,"剧情,爱情,动画",4.5,,,2017-12-20 14:30:17,
1289477891,湄公河行动,,https://img9.doubanio.com/view/photo/m_ratio_poster/public/p2380677316.jpg,2016-09-30(中国大陆),https://movie.douban.com/subject/25815034/,8,"剧情,动作,犯罪",4,,,2017-12-20 14:30:04,
1289477677,美女与野兽,,https://img9.doubanio.com/view/photo/m_ratio_poster/public/p2417948644.jpg,2017-03-17(中国大陆),https://movie.douban.com/subject/25900945/,7.1,"爱情,奇幻,歌舞",3.5,,,2017-12-20 14:29:41,
1289477434,疯狂动物城,,https://img9.doubanio.com/view/photo/m_ratio_poster/public/p2614500649.jpg,2016-03-04(中国大陆),https://movie.douban.com/subject/25662329/,9.2,"喜剧,动画,冒险",4.5,,,2017-12-20 14:29:16,
1289477269,降临,,https://img9.doubanio.com/view/photo/m_ratio_poster/public/p2411622421.jpg,2017-01-20(中国大陆),https://movie.douban.com/subject/21324900/,7.8,"剧情,科幻",4,,,2017-12-20 14:29:00,
1289477122,爱丽丝梦游仙境2：镜中奇遇记,,https://img9.doubanio.com/view/photo/m_ratio_poster/public/p2349374680.jpg,2016-05-27(中国大陆),https://movie.douban.com/subject/21441132/,7,"奇幻,冒险",3.5,,,2017-12-20 14:28:45,
1289476899,加勒比海盗5：死无对证,,https://img9.doubanio.com/view/photo/m_ratio_poster/public/p2459723975.jpg,2017-05-26(中国大陆),https://movie.douban.com/subject/6311303/,7.2,"动作,奇幻,冒险",3.5,,,2017-12-20 14:28:23,
1289476751,大鱼海棠,,https://img9.doubanio.com/view/photo/m_ratio_poster/public/p2361744534.jpg,2016-07-08(中国大陆),https://movie.douban.com/subject/5045678/,6.9,"剧情,动画,奇幻",3.5,,,2017-12-20 14:28:07,
1289476587,银翼杀手2049,,https://img9.doubanio.com/view/photo/m_ratio_poster/public/p2501864539.jpg,2017-10-27(中国大陆),https://movie.douban.com/subject/10512661/,8.3,"剧情,动作,科幻",4,,,2017-12-20 14:27:50,
1289476497,银翼杀手,,https://img9.doubanio.com/view/photo/m_ratio_poster/public/p868550285.jpg,1982-06-25(美国),https://movie.douban.com/subject/1291839/,8.5,"科幻,惊悚",4.5,,,2017-12-20 14:27:39,
1289476349,他是龙,,https://img9.doubanio.com/view/photo/m_ratio_poster/public/p2374045871.jpg,2016-08-19(中国大陆),https://movie.douban.com/subject/26726098/,7.6,"爱情,奇幻,冒险",4,,,2017-12-20 14:27:22,
1289476183,王牌特工2：黄金圈,,https://img9.doubanio.com/view/photo/m_ratio_poster/public/p2499792043.jpg,2017-10-20(中国大陆),https://movie.douban.com/subject/26378579/,6.8,"喜剧,动作,冒险",3.5,,,2017-12-20 14:27:04,
1289476078,王牌特工：特工学院,,https://img9.doubanio.com/view/photo/m_ratio_poster/public/p2231932406.jpg,2015-03-27(中国大陆),https://movie.douban.com/subject/24405378/,8.4,"喜剧,动作,冒险",4,,,2017-12-20 14:26:53,
1289475804,神奇女侠,,https://img9.doubanio.com/view/photo/m_ratio_poster/public/p2460006593.jpg,2017-06-02(中国大陆),https://movie.douban.com/subject/1578714/,7.1,"动作,奇幻,冒险",3.5,,,2017-12-20 14:26:25,
1289475627,金刚狼3：殊死一战,,https://img9.doubanio.com/view/photo/m_ratio_poster/public/p2431980130.jpg,2017-03-03(中国大陆),https://movie.douban.com/subject/25765735/,8.3,"剧情,动作,科幻",4,,,2017-12-20 14:26:03,
1289475540,金刚：骷髅岛,,https://img9.doubanio.com/view/photo/m_ratio_poster/public/p2436030518.jpg,2017-03-24(中国大陆),https://movie.douban.com/subject/26309788/,6.5,"动作,奇幻,冒险",3.5,,,2017-12-20 14:25:54,
1289475407,敦刻尔克,,https://img9.doubanio.com/view/photo/m_ratio_poster/public/p2494950714.jpg,2017-09-01(中国大陆),https://movie.douban.com/subject/26607693/,8.4,"剧情,历史,战争",4,,,2017-12-20 14:25:40,
1289475133,东方快车谋杀案,,https://img9.doubanio.com/view/photo/m_ratio_poster/public/p2502165084.jpg,2017-11-10(中国大陆),https://movie.douban.com/subject/25790761/,6.8,"剧情,犯罪,悬疑",3.5,,,2017-12-20 14:25:07,
1289474939,摔跤吧！爸爸,,https://img9.doubanio.com/view/photo/m_ratio_poster/public/p2401676338.jpg,2017-05-05(中国大陆),https://movie.douban.com/subject/26387939/,9,"剧情,传记,运动",4.5,,,2017-12-20 14:24:47,
1289474818,功夫熊猫3,,https://img9.doubanio.com/view/photo/m_ratio_poster/public/p2306653420.jpg,2016-01-29(中国大陆),https://movie.douban.com/subject/11589036/,7.7,"喜剧,动作,动画",4,,,2017-12-20 14:24:33,
1289474682,正义联盟,,https://img9.doubanio.com/view/photo/m_ratio_poster/public/p2504027804.jpg,2017-11-17(中国大陆),https://movie.douban.com/subject/2158490/,6.3,"动作,科幻,奇幻",3,,,2017-12-20 14:24:16,
1289474594,寻梦环游记,,https://img9.doubanio.com/view/photo/m_ratio_poster/public/p2614500706.jpg,2017-11-24(中国大陆),https://movie.douban.com/subject/20495023/,9.1,"喜剧,动画,奇幻",4.5,,,2017-12-20 14:24:05,
1289474450,二十二,,https://img9.doubanio.com/view/photo/m_ratio_poster/public/p2457609817.jpg,2017-08-14(中国大陆),https://movie.douban.com/subject/26430107/,8.7,纪录片,4.5,,,2017-12-20 14:23:47,
1289474316,大护法,,https://img9.doubanio.com/view/photo/m_ratio_poster/public/p2490948849.jpg,2017-07-13(中国大陆),https://movie.douban.com/subject/26811587/,7.8,"喜剧,动画,奇幻",4,,,2017-12-20 14:23:32,
1289474127,一条狗的使命,,https://img9.doubanio.com/view/photo/m_ratio_poster/public/p2432493858.jpg,2017-03-03(中国大陆),https://movie.douban.com/subject/6873143/,7.7,"剧情,喜剧,家庭",4,,,2017-12-20 14:23:11,
1289474006,看不见的客人,,https://img9.doubanio.com/view/photo/m_ratio_poster/public/p2498971355.jpg,2017-09-15(中国大陆),https://movie.douban.com/subject/26580232/,8.8,"剧情,犯罪,悬疑",4.5,,,2017-12-20 14:22:57,
1289473804,天才枪手,,https://img9.doubanio.com/view/photo/m_ratio_poster/public/p2501863104.jpg,2017-10-13(中国大陆),https://movie.douban.com/subject/27024903/,8.2,"剧情,犯罪,悬疑",4,,,2017-12-20 14:22:33,